2025-03-24 20:13:11,@participardesorteio607,remocao_padrao_sorte
2025-03-24 20:13:23,@per.fildesorteios,remocao_padrao_sorte
2025-03-24 20:13:35,@parasorteios_09,remocao_padrao_sorte
2025-03-24 20:24:17,@bruna.sorte,remocao_padrao_sorte
2025-03-24 20:24:29,@_osorteio_,remocao_padrao_sorte
2025-03-24 20:24:46,@instragram_prasorteio,remocao_padrao_sorte
2025-03-24 20:24:58,@jottasorteios,remocao_padrao_sorte
2025-03-24 20:25:10,@clariparasorteio,remocao_padrao_sorte
2025-03-24 20:25:22,@ganhandosorteios35,remocao_padrao_sorte
2025-03-24 20:25:33,@sabriinasorteio_,remocao_padrao_sorte
2025-03-24 20:25:45,@evel.ynsorteios,remocao_padrao_sorte
2025-03-24 20:25:57,@perfildesorteio03,remocao_padrao_sorte
2025-03-24 20:26:08,@nicollynhasorteios,remocao_padrao_sorte
2025-03-24 20:26:20,@parasorteios_16,remocao_padrao_sorte
2025-03-24 20:26:38,@soprasorteiooooooooooooo,remocao_padrao_sorte
2025-03-24 20:26:50,@paginaprasorteio,remocao_padrao_sorte
2025-03-24 20:27:02,@thsorte_,remocao_padrao_sorte
2025-03-24 20:27:13,@japa_sorteios47,remocao_padrao_sorte
2025-03-24 20:27:25,@anasorteio17,remocao_padrao_sorte
2025-03-24 20:27:37,@may_arasorteio,remocao_padrao_sorte
2025-03-24 20:27:48,@sorteio1234911,remocao_padrao_sorte
2025-03-24 20:28:00,@maria_sorteio1231,remocao_padrao_sorte
2025-03-24 20:28:18,@eujuliagabrielasorteio,remocao_padrao_sorte
2025-03-24 20:28:30,@contaparasorteio3628,remocao_padrao_sorte
2025-03-24 20:28:41,@paolasorte_,remocao_padrao_sorte
2025-03-24 20:28:53,@sorteios4141,remocao_padrao_sorte
2025-03-24 20:29:05,@ganha_rsorteio7,remocao_padrao_sorte
2025-03-24 20:29:16,@ganh.arsorteio6,remocao_padrao_sorte
2025-03-24 20:29:28,@ganh.arsorteio5,remocao_padrao_sorte
2025-03-24 20:29:40,@gan.harsorteio8,remocao_padrao_sorte
2025-03-24 21:20:38,@participardesorteio607,remocao_padrao_sorte
2025-03-24 21:21:03,@per.fildesorteios,remocao_padrao_sorte
2025-03-25 10:54:37,@marianasorteio,remocao_padrao_sorte
2025-03-25 10:54:56,@partisorte,remocao_padrao_sorte
2025-03-25 10:55:15,@rebeca_ssorteio,remocao_padrao_sorte
2025-03-25 10:55:33,@icar.osorteios,remocao_padrao_sorte
2025-03-25 10:55:52,@soprasorteio558,remocao_padrao_sorte
2025-03-25 10:56:17,@contadesorteio_jujuba,remocao_padrao_sorte
2025-03-25 10:56:36,@lolosorteiosz,remocao_padrao_sorte
2025-03-25 10:56:55,@sorte491,remocao_padrao_sorte
2025-03-25 10:57:14,@_parasorteiostamii__,remocao_padrao_sorte
2025-03-25 10:57:33,@sorteado_daa_vez,remocao_padrao_sorte
2025-03-25 10:57:51,@marisorteios_,remocao_padrao_sorte
2025-03-25 10:58:10,@feitoprasorteio11,remocao_padrao_sorte
2025-03-25 11:02:40,@tahsorteio55,remocao_padrao_sorte
2025-03-25 11:12:15,@justinedasorte,remocao_padrao_sorte
2025-03-25 11:12:47,@jsorte46,remocao_padrao_sorte
2025-03-25 11:13:19,@sortei9,remocao_padrao_sorte
2025-03-25 11:13:52,@kalinesorte,remocao_padrao_sorte
2025-03-25 11:14:24,@carol_guilhermesorte,remocao_padrao_sorte
2025-03-25 11:14:48,@gabriellymoraesortega,remocao_padrao_sorte
2025-03-25 11:15:20,@contaprasorteiosg,remocao_padrao_sorte
2025-03-25 11:15:44,@sonia_jardimsorteios,remocao_padrao_sorte
2025-03-25 11:16:17,@sorte_chris,remocao_padrao_sorte
2025-03-25 11:16:49,@tales_lsorteios,remocao_padrao_sorte
2025-03-25 11:17:13,@participandodesorteios7,remocao_padrao_sorte
2025-03-25 11:17:37,@euparasorteios,remocao_padrao_sorte
2025-03-25 11:18:09,@joaoemanuel_sorte,remocao_padrao_sorte
2025-03-25 11:18:43,@jamillysorteio,remocao_padrao_sorte
2025-03-25 11:19:10,@pra_participardesorteios_check,remocao_padrao_sorte
2025-03-25 11:19:42,@lanaaasorteios__,remocao_padrao_sorte
2025-03-25 11:20:14,@giisorteios,remocao_padrao_sorte
2025-03-25 11:20:47,@kethelynsorte,remocao_padrao_sorte
2025-03-25 11:21:19,@vicsorteios,remocao_padrao_sorte
2025-03-25 11:21:51,@hama_sorte,remocao_padrao_sorte
2025-03-25 11:22:16,@gabrielsorteios.08,remocao_padrao_sorte
2025-03-25 11:22:49,@nfparasorteios,remocao_padrao_sorte
2025-03-25 11:23:21,@mathdasorte,remocao_padrao_sorte
2025-03-25 11:23:55,@viccontaprasorteio,remocao_padrao_sorte
2025-03-25 11:24:19,@a.viciadaemsorteios__,remocao_padrao_sorte
2025-03-25 11:24:44,@soprapartipardesorteios,remocao_padrao_sorte
2025-03-25 11:25:16,@duuasorteios,remocao_padrao_sorte
2025-03-25 11:25:48,@nicolesorte,remocao_padrao_sorte
2025-03-25 11:26:21,@joycesorteio,remocao_padrao_sorte
2025-03-25 11:26:53,@sorte_lele,remocao_padrao_sorte
2025-03-25 12:54:03,@jeffersonasc.queiroz,menos_de_10_posts
2025-03-25 12:54:31,@vocepodeserenovar,menos_de_10_posts
2025-03-25 13:29:02,@darlenemariacn,menos_de_10_posts
2025-03-26 06:15:22,@jonathanlescura,menos_de_10_posts
2025-03-26 06:15:42,@m.viniciosdasilva,menos_de_10_posts
2025-03-26 09:44:41,@pab_2705,menos_de_10_posts
2025-03-26 09:45:09,@fernandarein,menos_de_10_posts
2025-03-26 09:45:29,@_zelialimaa18,menos_de_10_posts
2025-03-26 09:45:49,@mbarbosa.douglas,menos_de_10_posts
2025-03-26 09:46:09,@jonisson_tohru,menos_de_10_posts
2025-03-26 09:46:43,@karlafreitas2901,seguindo_mais_que_3x
2025-03-26 10:55:30,@_zicaprasorteio_,remocao_padrao_sorte
2025-04-08 21:53:34,@euparticipodesorteioss2,remocao_padrao_sorte
2025-04-08 21:53:54,@userdsorteio,remocao_padrao_sorte
2025-04-08 21:54:15,@soparasorteio22,remocao_padrao_sorte
2025-04-08 21:54:31,@pousadacaraumbesorteio,remocao_padrao_sorte
2025-04-08 21:54:52,@fcssorteio,remocao_padrao_sorte
2025-04-08 21:56:44,@flavianapolischaves,seguindo_mais_que_3x
2025-04-08 21:57:04,@luccatonyvaz,menos_de_10_posts
2025-04-08 21:57:25,@peat38552,seguindo_mais_que_3x
2025-04-08 21:57:45,@julianasantos3410,menos_de_10_posts
2025-04-08 21:58:05,@eusilvaa_rs7,menos_de_10_posts
2025-04-08 21:58:25,@laura_christine_4,menos_de_10_posts
2025-04-08 21:58:59,@adrianorodrigues4191,seguindo_mais_que_3x
2025-04-08 21:59:33,@magnasantosmorais,menos_de_10_posts
2025-04-08 21:59:54,@1bruna_sou9,seguindo_mais_que_3x
2025-04-08 22:00:14,@regilandiadacostaa,menos_de_10_posts
2025-04-08 22:00:34,@ketly_n440,seguindo_mais_que_3x
2025-05-25 20:32:10,@diodaldoazevedo,menos_de_10_posts
2025-05-25 20:32:30,@ericaapsilva,menos_de_10_posts
2025-05-25 20:33:04,@veronicajesusf,seguindo_mais_que_3x
2025-05-25 20:33:24,@isagomez9395,seguindo_mais_que_3x
2025-05-25 20:33:44,@samueldapazribeiro13,menos_de_10_posts
2025-05-25 20:34:05,@pali_45_4,menos_de_10_posts
2025-05-25 20:34:25,@alexandre_berto100,seguindo_mais_que_3x
2025-05-25 20:34:59,@lucidalva_lins01,seguindo_mais_que_3x
2025-05-25 20:35:19,@silvanaaparecida8984,menos_de_10_posts
2025-05-25 20:35:39,@gisagiacomin,seguindo_mais_que_3x
2025-05-25 20:36:00,@caua_zinho_xz,menos_de_10_posts
2025-05-25 20:36:20,@geverson.santansa12,menos_de_10_posts
2025-05-25 20:36:40,@gindrodossantos,menos_de_10_posts
2025-05-25 20:37:01,@felipevanoli,seguindo_mais_que_3x
2025-05-25 20:37:21,@bruschr_,menos_de_10_posts
2025-05-25 20:37:41,@marcossantos5035,menos_de_10_posts
2025-05-25 20:38:01,@jacqueline_carioca,menos_de_10_posts
2025-05-25 21:05:46,@cleberjovemtralhar,menos_de_10_posts
2025-05-25 21:06:06,@rita_lucera,seguindo_mais_que_3x
2025-05-25 21:06:26,@eloaf4116,menos_de_10_posts
2025-05-25 21:06:46,@valleanamaria,seguindo_mais_que_3x
2025-05-25 21:07:07,@jesualdahickmann,seguindo_mais_que_3x
2025-05-25 21:07:27,@adrianocarvalho4376,menos_de_10_posts
2025-05-25 21:07:47,@luluciane.lu,menos_de_10_posts
2025-05-25 21:08:08,@nataliakseniukstucki,seguindo_mais_que_3x
2025-05-25 21:08:42,@sueli.pp,seguindo_mais_que_3x
2025-05-25 21:09:02,@marcoantonioriess,seguindo_mais_que_3x
2025-05-25 21:09:22,@roselibaesso,seguindo_mais_que_3x
2025-05-25 21:09:43,@juliana_leitebr,seguindo_mais_que_3x
2025-05-25 21:10:03,@veramaranhao,menos_de_10_posts
2025-05-25 21:10:23,@pontualr,menos_de_10_posts
2025-05-25 21:10:43,@eduardo_batas,seguindo_mais_que_3x
2025-05-25 21:11:03,@omardahrouge,menos_de_10_posts
2025-05-25 21:11:24,@diegoemtt,seguindo_mais_que_3x
2025-05-26 08:13:18,@joker_da_zs,menos_de_10_posts
2025-05-26 08:13:38,@fabiooviegas,seguindo_mais_que_3x
2025-05-26 08:13:59,@rsromualdo,seguindo_mais_que_3x
2025-05-26 08:14:19,@thathy_ribeiro_,menos_de_10_posts
2025-05-26 08:14:39,@karlaemilia2,seguindo_mais_que_3x
2025-05-26 08:15:13,@rodrigo.reno,seguindo_mais_que_3x
2025-05-26 08:15:34,@kamilaaugustinho,menos_de_10_posts
2025-05-26 08:16:09,@nannybarcessat,seguindo_mais_que_3x
2025-05-26 08:16:29,@luu__luciana_33,menos_de_10_posts
2025-05-26 08:16:50,@tattylucas03,seguindo_mais_que_3x
2025-05-26 08:17:10,@dandan.almeida,seguindo_mais_que_3x
2025-08-21 18:12:47,@alyneollivergomes,seguindo_mais_que_3x
2025-08-21 18:13:08,@edilsonmusic86,seguindo_mais_que_3x
2025-08-21 18:13:29,@luzia8911,seguindo_mais_que_3x
2025-08-21 18:13:49,@charllyssantiago,seguindo_mais_que_3x
2025-08-21 18:14:38,@juniorfirmino53,menos_de_10_posts
2025-08-21 18:14:58,@cavalcantecelinha,seguindo_mais_que_3x
2025-08-21 18:15:33,@mllyx_0.1,menos_de_10_posts
2025-08-21 18:15:54,@danillogoncallvez,menos_de_10_posts
2025-08-21 18:16:14,@deborampl70,seguindo_mais_que_3x
2025-08-21 18:16:34,@mary_luiza_oli,menos_de_10_posts
2025-08-21 18:16:55,@beymeee,menos_de_10_posts
2025-08-21 18:17:16,@thatitaluz21,menos_de_10_posts
2025-08-21 18:17:50,@eailaura2,menos_de_10_posts
2025-08-21 18:18:11,@maitelaranunes,seguindo_mais_que_3x
2025-08-21 18:19:14,@familiatorres8,seguindo_mais_que_3x
2025-08-21 18:19:35,@priscilla_souzac,seguindo_mais_que_3x
2025-08-21 18:20:10,@nicobol_zxzzzz,menos_de_10_posts
2025-08-21 18:20:30,@mfernandesdasilva30,menos_de_10_posts
2025-08-21 18:21:05,@gerusabf7,seguindo_mais_que_3x
2025-08-21 18:21:25,@vera_rosa25,seguindo_mais_que_3x
2025-08-21 18:21:46,@pedroand1,menos_de_10_posts
2025-08-21 18:22:06,@brunatailaalves,menos_de_10_posts
2025-08-21 18:22:27,@crislaine040388,seguindo_mais_que_3x
2025-08-21 18:22:47,@l.luiz_oficial,menos_de_10_posts
2025-08-21 18:23:08,@vanessaromano_3312,menos_de_10_posts
2025-08-21 18:23:28,@emersonluissedrez,seguindo_mais_que_3x
2025-08-21 18:23:48,@rennan_fernande,seguindo_mais_que_3x
2025-08-21 18:24:09,@giuliacookies,menos_de_10_posts
2025-08-21 18:24:57,@renzorfont,menos_de_10_posts
2025-08-21 18:25:18,@eu_pretah29,menos_de_10_posts
2025-08-21 18:25:52,@douglas06121983,seguindo_mais_que_3x
2025-08-21 18:26:13,@andreiafsilva76,menos_de_10_posts
2025-08-21 18:26:33,@meyrecmc,seguindo_mais_que_3x
2025-08-21 18:27:08,@patriciamendescn,seguindo_mais_que_3x
2025-08-21 18:27:28,@elo_fernandes,seguindo_mais_que_3x
2025-08-22 09:39:20,@ezennabugo,seguindo_mais_que_3x
2025-08-22 09:39:41,@p.martinez09,seguindo_mais_que_3x
2025-08-22 09:40:16,@criandhabitos,menos_de_10_posts
2025-08-22 09:40:51,@vini030583,menos_de_10_posts
2025-08-22 09:41:12,@katashimamauricio,seguindo_mais_que_3x
2025-08-22 09:41:33,@marakarvalhomary,seguindo_mais_que_3x
2025-08-22 09:41:53,@karine_04_02,menos_de_10_posts
2025-08-22 09:43:11,@cintiabonifaci,menos_de_10_posts
2025-08-22 09:43:32,@ribeiro_ericah,seguindo_mais_que_3x
2025-08-22 09:43:52,@yasilva35,menos_de_10_posts
2025-08-22 09:44:13,@lominha1807,seguindo_mais_que_3x
2025-08-22 09:44:48,@walysom.santos,menos_de_10_posts
2025-08-22 09:45:08,@fraanteeugenia,menos_de_10_posts
2025-08-22 09:45:44,@santosrosyllene,seguindo_mais_que_3x
2025-08-22 09:46:34,@marisemirtes,seguindo_mais_que_3x
2025-08-22 09:46:54,@hellenneia,seguindo_mais_que_3x
2025-08-22 09:47:15,@anaca_rla1313,seguindo_mais_que_3x
2025-08-22 09:47:51,@silvanhenriques,menos_de_10_posts
2025-08-22 09:48:11,@santa_rosa_keila,menos_de_10_posts
2025-08-22 09:48:32,@ariana.esthemes,seguindo_mais_que_3x
2025-08-22 09:48:52,@saramilenne,menos_de_10_posts
2025-08-22 09:49:27,@pontualangelica,seguindo_mais_que_3x
2025-08-22 09:50:17,@arieli_tenfen56,menos_de_10_posts
2025-08-22 09:50:38,@brunela4601,seguindo_mais_que_3x
2025-08-22 09:50:58,@robertacavalcante_zz,seguindo_mais_que_3x
2025-08-22 09:51:19,@as8622431,seguindo_mais_que_3x
2025-08-22 09:51:40,@silvacleudavieira,seguindo_mais_que_3x
2025-08-22 09:52:00,@leidy_dos_slots,seguindo_mais_que_3x
2025-08-22 09:52:49,@hariasa_,seguindo_mais_que_3x
2025-08-22 09:53:39,@shel_dias,menos_de_10_posts
2025-08-22 09:53:59,@ahtallpekenah,seguindo_mais_que_3x
2025-08-22 09:54:20,@cleadrianodamada,seguindo_mais_que_3x
2025-08-25 21:55:04,@geysacroscopio,menos_de_10_posts
2025-08-25 21:55:39,@bieldazr13,menos_de_10_posts
2025-08-25 21:56:00,@anachristina640,seguindo_mais_que_3x
2025-08-25 21:56:34,@dcarlass,seguindo_mais_que_3x
2025-08-25 21:57:09,@lilianeabtibol81,menos_de_10_posts
2025-08-25 21:57:29,@eu_lucas_sousa12,seguindo_mais_que_3x
2025-08-25 21:58:04,@marlenne__santos,seguindo_mais_que_3x
2025-08-25 21:58:24,@eucleytonsouza,menos_de_10_posts
2025-08-25 21:59:27,@ericasuelenlopes,menos_de_10_posts
2025-08-25 21:59:48,@maaaria.alves,seguindo_mais_que_3x
2025-08-25 22:00:08,@thielioliver28,menos_de_10_posts
2025-08-25 22:00:29,@denisesouza292,menos_de_10_posts
2025-08-25 22:01:03,@mariaclaradearaujop,menos_de_10_posts
2025-08-25 22:01:24,@milaa_franca,menos_de_10_posts
2025-08-25 22:01:44,@lucianavalinotilanes,seguindo_mais_que_3x
2025-08-25 22:02:19,@priscilaalmeida080,menos_de_10_posts
2025-08-25 22:02:39,@naiara_desouzasantos,menos_de_10_posts
2025-08-25 22:02:59,@neudianemayoruna,menos_de_10_posts
2025-08-25 22:03:20,@eu_ruivamariana,menos_de_10_posts
2025-08-25 22:03:40,@rithadekssia2015,menos_de_10_posts
2025-08-25 22:04:15,@yasmim_4345,menos_de_10_posts
2025-08-25 22:04:35,@rosarosebarroso,seguindo_mais_que_3x
2025-08-25 22:04:56,@pretasenna0,menos_de_10_posts
2025-08-25 22:05:30,@annyelly_danttas21,seguindo_mais_que_3x
2025-08-25 22:05:51,@m__amaral4,menos_de_10_posts
2025-08-25 22:06:11,@dudapiluski,seguindo_mais_que_3x
2025-08-25 22:06:32,@mary_ollem,menos_de_10_posts
2025-08-25 22:07:35,@sandrielesantiago,menos_de_10_posts
2025-08-25 22:07:57,@viviammichele,seguindo_mais_que_3x
2025-08-25 22:08:18,@regianne_silva197,seguindo_mais_que_3x
2025-08-25 22:08:38,@michellyferreirinha,menos_de_10_posts
2025-08-25 22:08:59,@andressaragnarock,menos_de_10_posts
2025-08-25 22:09:34,@janaina_oliveirad,seguindo_mais_que_3x
2025-08-25 22:10:09,@monicaazevedo33,menos_de_10_posts
2025-08-30 16:50:29,@cristianetrindade562,menos_de_10_posts
2025-08-30 16:51:04,@brunadias9924,menos_de_10_posts
2025-08-30 16:51:24,@pedrogrd_13,menos_de_10_posts
2025-08-30 16:51:59,@luuuh0209,menos_de_10_posts
2025-08-30 16:52:19,@evanice8293,seguindo_mais_que_3x
2025-08-30 16:52:40,@alves_reh_diniz,menos_de_10_posts
2025-08-30 16:53:00,@machadothais44,menos_de_10_posts
2025-08-30 16:53:21,@deboranayaracarpes,seguindo_mais_que_3x
2025-08-30 16:53:42,@katiarosasilva8,menos_de_10_posts
2025-08-30 16:54:02,@sorayaamazonas,seguindo_mais_que_3x
2025-08-30 16:54:37,@micheli_oliveira24,menos_de_10_posts
2025-08-30 16:55:12,@luuh__andradee,menos_de_10_posts
2025-08-30 16:55:32,@mirellasouza3327,menos_de_10_posts
2025-08-30 16:55:53,@paullynha2022,menos_de_10_posts
2025-08-30 16:56:13,@josealfredo_4493,menos_de_10_posts
2025-08-30 16:56:48,@leni_araujo2,seguindo_mais_que_3x
2025-08-30 16:57:23,@leonardosouza6778,menos_de_10_posts
2025-08-30 16:57:43,@thiesenjaqueline,seguindo_mais_que_3x
2025-08-30 16:58:03,@adams_jin8,menos_de_10_posts
2025-08-30 16:58:24,@riccarrvalho,menos_de_10_posts
2025-08-30 16:58:44,@elainibarbosabasto,menos_de_10_posts
2025-08-30 16:59:05,@raquel_martins913,menos_de_10_posts
2025-08-30 16:59:25,@jefelanches,seguindo_mais_que_3x
2025-08-30 16:59:46,@alves.alaine,menos_de_10_posts
2025-08-30 17:00:07,@manoell_do_uno_,seguindo_mais_que_3x
2025-08-30 17:00:27,@hania_paula_palmiro,seguindo_mais_que_3x
2025-08-30 17:00:47,@_nandsfls,menos_de_10_posts
2025-08-30 17:01:08,@guilherme_rodrisilva,seguindo_mais_que_3x
2025-08-30 17:01:28,@lidiane_pereira120,menos_de_10_posts
2025-08-30 17:01:50,@na_thalia2185,menos_de_10_posts
2025-08-30 17:02:24,@niviadelima2022,menos_de_10_posts
2025-08-30 17:02:45,@leeh.silva.p,seguindo_mais_que_3x
2025-08-30 17:03:05,@llannycris,seguindo_mais_que_3x
2025-08-30 17:03:26,@alessandra.lessaaa,menos_de_10_posts
2025-08-30 17:04:00,@alinejacobus_,seguindo_mais_que_3x
2025-08-30 17:04:21,@eu_brunalfs,menos_de_10_posts
2025-08-30 17:04:42,@jheredyferraz,seguindo_mais_que_3x
2025-08-30 17:05:02,@martinsjoseanegomes,menos_de_10_posts
2025-08-30 17:05:40,@amand4karol,menos_de_10_posts
2025-08-30 17:06:01,@sferreiravaleria,seguindo_mais_que_3x
2025-08-30 17:06:22,@juliana_mtsof,seguindo_mais_que_3x
2025-08-30 17:06:42,@jhessysophiadaniel,seguindo_mais_que_3x
2025-08-30 17:07:03,@polianarodrigues87,seguindo_mais_que_3x
2025-08-30 17:07:23,@edilainecristinado,seguindo_mais_que_3x
2025-08-30 17:07:44,@lucianaalmeida9614,menos_de_10_posts
2025-08-30 17:08:04,@lucienexmadeira,seguindo_mais_que_3x
2025-08-30 17:08:24,@thelminhaa44,seguindo_mais_que_3x
2025-08-30 17:08:59,@karennssilvaa,menos_de_10_posts
2025-08-30 17:09:19,@ivanasantosteles,seguindo_mais_que_3x
2025-08-30 17:09:54,@neidensousa,seguindo_mais_que_3x
2025-08-30 17:10:15,@sammira_santoss06,menos_de_10_posts
2025-08-30 17:10:35,@arlete_pinto_264819,seguindo_mais_que_3x
2025-08-30 17:10:56,@karinalopes149,seguindo_mais_que_3x
2025-08-30 17:11:17,@jessykasantana14,seguindo_mais_que_3x
2025-08-30 17:11:37,@carolinaferreira1972,seguindo_mais_que_3x
2025-08-30 17:12:12,@eujosysoares_,menos_de_10_posts
2025-08-30 17:12:32,@deiagomes_silva,seguindo_mais_que_3x
2025-08-30 17:12:53,@chrystian_mathews,menos_de_10_posts
2025-09-03 14:01:07,@lary.cristiny19,menos_de_10_posts
2025-09-03 14:01:57,@carva.mariadejesus,menos_de_10_posts
2025-09-03 14:02:18,@vih_maluca65,menos_de_10_posts
2025-09-03 14:02:39,@adrianawillian5698,seguindo_mais_que_3x
2025-09-03 14:03:00,@vanessa_soares_____,menos_de_10_posts
2025-09-03 14:03:21,@faby_rodriguesmota,menos_de_10_posts
2025-09-03 14:03:55,@iris__ofc_,seguindo_mais_que_3x
2025-09-03 14:04:44,@dm_mesquita_,seguindo_mais_que_3x
2025-09-03 14:05:19,@graziele_olimpio,seguindo_mais_que_3x
2025-09-03 14:05:54,@graziolisi,menos_de_10_posts
2025-09-03 14:06:15,@gessikadgel,seguindo_mais_que_3x
2025-09-03 14:06:36,@nunex_nunez,seguindo_mais_que_3x
2025-09-03 14:06:57,@rafaelacarolinefer,seguindo_mais_que_3x
2025-09-03 14:07:18,@gracianavieira80,menos_de_10_posts
2025-09-03 14:07:38,@ludi_s2,seguindo_mais_que_3x
2025-09-03 14:07:59,@karime_ksn,seguindo_mais_que_3x
2025-09-03 14:08:19,@olliverdaniele,seguindo_mais_que_3x
2025-09-03 14:08:54,@priscilaviera.v,menos_de_10_posts
2025-09-03 14:09:15,@shirleyfabiola93,seguindo_mais_que_3x
2025-09-03 14:09:36,@joao.dannyel_ofc,seguindo_mais_que_3x
2025-09-03 14:10:12,@riselma_amaral,seguindo_mais_que_3x
2025-09-03 14:10:32,@britto.annapaulla,seguindo_mais_que_3x
2025-09-03 14:11:07,@marinalvacorreia42,seguindo_mais_que_3x
2025-09-03 14:11:28,@elliss22,seguindo_mais_que_3x
2025-09-03 14:12:03,@vanilcasouza284,seguindo_mais_que_3x
2025-09-03 14:12:53,@eliana.andradevieira,seguindo_mais_que_3x
2025-09-03 14:13:14,@vilm.a1859,seguindo_mais_que_3x
2025-09-03 14:13:34,@thaina.depaula,seguindo_mais_que_3x
2025-09-03 14:13:55,@janaina_lidiobn,seguindo_mais_que_3x
2025-09-03 14:14:17,@ivete_durante,seguindo_mais_que_3x
2025-09-03 14:15:06,@vava.lima17,seguindo_mais_que_3x
2025-09-03 14:15:27,@janainabrunoe,seguindo_mais_que_3x
2025-09-03 14:16:30,@ericatatianasilveira,menos_de_10_posts
2025-09-03 14:16:51,@guigonanet,seguindo_mais_que_3x
2025-09-03 14:17:29,@palomamickaelly2012,seguindo_mais_que_3x
2025-09-03 14:17:50,@jaquelinemariaarr,menos_de_10_posts
2025-09-03 14:18:10,@alessandra20209138,menos_de_10_posts
2025-09-03 14:18:32,@arcegabrielle25,menos_de_10_posts
2025-09-03 14:19:06,@carolina06santos,seguindo_mais_que_3x
2025-09-03 14:19:41,@vitorsamuelaires,seguindo_mais_que_3x
2025-09-03 14:20:16,@tjmb0808,menos_de_10_posts
2025-09-03 14:20:37,@gustavo__c_357,menos_de_10_posts
2025-09-03 14:20:58,@alencar.bruna2017,seguindo_mais_que_3x
2025-09-03 14:21:18,@fernandamorosini,menos_de_10_posts
2025-09-03 14:21:39,@lenesilva3322,seguindo_mais_que_3x
2025-09-03 14:21:59,@cilene_souza_3897,menos_de_10_posts
2025-09-03 14:22:20,@sabrina1805s,menos_de_10_posts
2025-09-03 14:23:10,@luanariverton,seguindo_mais_que_3x
2025-09-03 14:23:30,@samiarayanelimacosta,seguindo_mais_que_3x
2025-09-03 14:23:51,@formentinaugusta,menos_de_10_posts
2025-09-03 14:24:11,@pereirazayla350,seguindo_mais_que_3x
2025-09-03 14:24:32,@adrianadavid14,seguindo_mais_que_3x
2025-09-03 14:25:07,@raf_ilis,menos_de_10_posts
2025-09-03 14:25:27,@geovanedeamo,seguindo_mais_que_3x
2025-09-03 14:25:48,@uberdomocergao,seguindo_mais_que_3x
2025-09-03 14:26:08,@madalenamendonca644,menos_de_10_posts
2025-09-03 14:26:29,@danielle_borgesb,seguindo_mais_que_3x
2025-09-03 14:27:32,@kah_maria_jhou,seguindo_mais_que_3x
2025-09-03 14:27:52,@gracafelix41_,menos_de_10_posts
2025-09-03 14:28:13,@yasmin_munizoliveira,seguindo_mais_que_3x
2025-09-03 14:28:48,@francyscardoso,menos_de_10_posts
2025-09-03 14:29:08,@spatti1992,seguindo_mais_que_3x
2025-09-03 14:29:29,@liabatista3085,menos_de_10_posts
2025-09-03 14:30:04,@naraa_ssantana,menos_de_10_posts
2025-09-03 14:30:38,@marciabarbosa2728,seguindo_mais_que_3x
2025-09-03 14:30:59,@nascimentoedineusa,menos_de_10_posts
2025-09-03 14:31:20,@rosanelopes1972,seguindo_mais_que_3x
2025-09-03 14:31:54,@sheilamaria787,menos_de_10_posts
2025-09-03 14:32:15,@andersonguedes36,seguindo_mais_que_3x
2025-09-03 14:32:35,@fnnascimento_,seguindo_mais_que_3x
2025-09-03 14:32:56,@jesus_santos_ws,seguindo_mais_que_3x
2025-09-03 14:33:17,@josete.f.silva,menos_de_10_posts
2025-09-03 14:33:37,@guss_sousa_,menos_de_10_posts
2025-09-03 14:33:58,@lunar_collins,seguindo_mais_que_3x
2025-09-03 14:34:18,@suelydias2020,seguindo_mais_que_3x
2025-09-03 14:34:53,@gih.martineli,menos_de_10_posts
2025-09-03 14:35:56,@elias.nice.lipe08,menos_de_10_posts
2025-09-03 14:36:45,@enzomourepereira,menos_de_10_posts
2025-09-03 14:37:06,@allan.dnss,menos_de_10_posts
2025-09-03 14:37:26,@brenda_mari_oficial,menos_de_10_posts
2025-09-03 14:37:47,@andrezaaparecida92,seguindo_mais_que_3x
2025-09-03 14:38:07,@pgabriellialves,menos_de_10_posts
2025-09-03 14:38:27,@bijuteriasdamel,menos_de_10_posts
2025-09-03 14:38:48,@nott_ana1315,seguindo_mais_que_3x
2025-09-03 14:39:08,@marialima97203,seguindo_mais_que_3x
2025-09-03 14:39:29,@pedrohhh6069,menos_de_10_posts
2025-09-03 14:39:49,@mirtilinher,menos_de_10_posts
2025-09-03 14:40:10,@anac3538,menos_de_10_posts
2025-09-03 14:40:45,@samanta_farias23,menos_de_10_posts
2025-09-03 14:41:20,@mathe_uslopesofc,menos_de_10_posts
2025-09-03 14:41:41,@sauannysouza,menos_de_10_posts
2025-09-03 14:42:15,@jami.ly6025,menos_de_10_posts
2025-09-03 14:42:36,@vitoria_possidonio_1,seguindo_mais_que_3x
2025-09-03 14:42:56,@alfredojesus74,seguindo_mais_que_3x
2025-09-03 14:43:17,@julia.borges547,menos_de_10_posts
2025-09-03 14:43:38,@eaa__pereiraww_,menos_de_10_posts
2025-09-03 14:44:26,@celinameyerforgod,menos_de_10_posts
2025-09-03 14:44:47,@yjujf_,menos_de_10_posts
2025-09-03 14:45:07,@alissonmurieldasilva,menos_de_10_posts
2025-09-03 14:45:28,@mali_are_malii,menos_de_10_posts
2025-09-03 14:46:31,@samire_maria11,menos_de_10_posts
2025-09-03 14:46:51,@samelaarantes187,menos_de_10_posts
2025-09-03 14:47:26,@oxe_biazinha_,menos_de_10_posts
2025-09-03 14:47:47,@crvg_kiq,menos_de_10_posts
2025-09-03 14:48:07,@jgjosimarpitt,menos_de_10_posts
2025-09-03 14:48:28,@miguelvieira532,menos_de_10_posts
2025-09-03 14:49:03,@luiz_dael_alves32,menos_de_10_posts
2025-09-03 14:49:52,@willian_gabriell6,seguindo_mais_que_3x
2025-09-03 14:50:27,@gracamelrocn,seguindo_mais_que_3x
2025-09-03 14:50:47,@ester_vs321,menos_de_10_posts
2025-09-03 14:51:22,@_samek.mek_2,menos_de_10_posts
2025-09-03 14:52:53,@stefannysantos0091,menos_de_10_posts
2025-09-03 14:53:15,@samiraa_oliveeira,menos_de_10_posts
2025-09-03 14:53:36,@dixx_joyciane_22,menos_de_10_posts
2025-09-03 14:54:25,@mariaedua969,seguindo_mais_que_3x
2025-09-03 14:54:45,@anjinha_kskskskj,menos_de_10_posts
2025-09-03 14:55:34,@paulo_henrique10112,menos_de_10_posts
2025-09-03 14:55:54,@dalila_ferrerira43,menos_de_10_posts
2025-09-03 14:56:15,@rillary7238,seguindo_mais_que_3x
2025-09-03 14:56:35,@isissousa25,seguindo_mais_que_3x
2025-09-03 14:57:10,@_eu.gabyy4xx_,menos_de_10_posts
2025-09-03 14:57:30,@ferr1327,menos_de_10_posts
2025-09-03 14:57:51,@mariacamilla642,menos_de_10_posts
2025-09-03 14:58:11,@victoria_greds,menos_de_10_posts
2025-09-03 14:58:32,@marcelasilvaa226,menos_de_10_posts
2025-09-03 14:59:07,@rosiane_miguens_,menos_de_10_posts
2025-09-03 14:59:27,@ana_clara_22_07,menos_de_10_posts
2025-09-03 14:59:48,@cibelemaisa7,menos_de_10_posts
2025-09-03 15:00:23,@mayarafaga07,menos_de_10_posts
2025-09-03 15:01:11,@sz.eveee,menos_de_10_posts
2025-09-03 15:01:32,@yasmin_jesus_638,menos_de_10_posts
2025-09-03 15:02:07,@arley_farias333,menos_de_10_posts
2025-09-03 15:02:28,@manoelaanjos12,menos_de_10_posts
2025-09-03 15:02:49,@maria_luisa_6255,menos_de_10_posts
2025-09-03 15:03:09,@_gilmara_reis12,menos_de_10_posts
2025-09-03 15:03:30,@tua_cnpx,menos_de_10_posts
2025-09-03 15:04:04,@felipelemospontes,seguindo_mais_que_3x
2025-09-03 15:04:25,@_hellokyt,menos_de_10_posts
2025-09-03 15:05:00,@pamela_ss1,menos_de_10_posts
2025-09-03 15:05:20,@camillafreitas42,menos_de_10_posts
2025-09-03 15:05:41,@berdineaila_2,seguindo_mais_que_3x
2025-09-03 15:06:02,@amandakay5533,seguindo_mais_que_3x
2025-09-03 15:06:22,@daysegabriellevieira,menos_de_10_posts
2025-09-03 15:06:43,@emilerodrigues58,menos_de_10_posts
2025-09-03 15:07:18,@nirle_santos_,menos_de_10_posts
2025-09-03 15:07:39,@gleisiane890,seguindo_mais_que_3x
2025-09-03 15:07:59,@marii_bleca,menos_de_10_posts
2025-09-03 15:08:20,@emanuellybarbosagon,menos_de_10_posts
2025-09-03 15:08:40,@mairex2002,seguindo_mais_que_3x
2025-09-03 15:09:01,@maisa_vicente09,menos_de_10_posts
2025-09-03 15:09:21,@aninh_a9907,menos_de_10_posts
2025-09-03 15:09:42,@amandaamancio9,seguindo_mais_que_3x
2025-09-03 15:10:02,@anarafaellalobato,seguindo_mais_que_3x
2025-09-03 15:10:37,@luanaaa__lind,menos_de_10_posts
2025-09-03 15:11:26,@gabriela_pitombo,menos_de_10_posts
2025-09-03 15:12:00,@emily108408,menos_de_10_posts
2025-09-03 15:12:49,@thg_alvesj,menos_de_10_posts
2025-09-03 15:13:24,@1410didi,menos_de_10_posts
2025-09-03 15:14:12,@mylla_gamer_19,menos_de_10_posts
2025-09-03 15:14:33,@eaeloh__,menos_de_10_posts
2025-09-03 15:15:22,@myh_gabrielly,menos_de_10_posts
2025-09-03 15:15:42,@ellendossantos.mac,menos_de_10_posts
2025-09-03 15:16:03,@ferrerthayla,menos_de_10_posts
2025-09-03 15:16:23,@gabrielly_andrade_4,menos_de_10_posts
2025-09-03 15:16:44,@biancasouza5247,menos_de_10_posts
2025-09-03 15:17:05,@duda.mello012,menos_de_10_posts
2025-09-03 15:17:39,@emmyle_samiraa,menos_de_10_posts
2025-09-03 15:18:14,@jp.tev,menos_de_10_posts
2025-09-03 15:18:34,@kauanyv8,menos_de_10_posts
2025-09-03 15:18:55,@brend.a5071,menos_de_10_posts
2025-09-03 15:19:43,@sabr_inaguimaraess,seguindo_mais_que_3x
2025-09-03 15:20:04,@carlasantos6217,menos_de_10_posts
2025-09-03 15:20:24,@ye.santos_,menos_de_10_posts
2025-09-03 15:21:13,@vi.viane9314,menos_de_10_posts
2025-09-03 15:21:33,@agnesslima45566,menos_de_10_posts
2025-09-03 15:21:54,@laurinha.ofc_,menos_de_10_posts
2025-09-03 15:22:14,@beatriz_best_00,menos_de_10_posts
2025-09-03 15:22:34,@joyycee0933je,menos_de_10_posts
2025-09-03 15:23:24,@ceydajussara,menos_de_10_posts
2025-09-03 15:23:44,@analuisa0414,seguindo_mais_que_3x
2025-09-03 15:24:04,@alicya_maria_14,menos_de_10_posts
2025-09-03 15:24:25,@rita_gabrielle12,seguindo_mais_que_3x
2025-09-03 15:24:46,@fransantosypsy,menos_de_10_posts
2025-09-03 15:25:06,@rafaela16595,menos_de_10_posts
2025-09-03 15:25:56,@elissah_cunha,menos_de_10_posts
2025-09-03 15:26:16,@jenifer_aparecida9,menos_de_10_posts
2025-09-03 15:26:37,@maysasousa22o,menos_de_10_posts
2025-09-03 15:26:57,@raianavianada,menos_de_10_posts
2025-09-03 15:27:18,@biiah_rodriguessss,menos_de_10_posts
2025-09-03 15:27:38,@bibi_plok,menos_de_10_posts
2025-09-03 15:27:59,@santosmicaelle84,menos_de_10_posts
2025-09-03 15:28:19,@gustavocarvalho1gmai,menos_de_10_posts
2025-09-03 15:28:40,@pv_soares72,menos_de_10_posts
2025-09-03 15:29:00,@larinhx09_,menos_de_10_posts
2025-09-03 15:29:20,@isadoramaria9652,menos_de_10_posts
2025-09-03 15:29:41,@ana_clara_s566,menos_de_10_posts
2025-09-03 15:30:16,@kkjhenn,menos_de_10_posts
2025-09-03 15:30:36,@ooliveira_5,menos_de_10_posts
2025-09-03 15:31:25,@alessandrasantos5197,menos_de_10_posts
2025-09-03 15:32:00,@https_viitoriaa_,menos_de_10_posts
2025-09-03 15:32:20,@luizarodrigues823,menos_de_10_posts
2025-09-03 15:32:41,@nayy_morais1,menos_de_10_posts
2025-09-03 15:33:15,@laysmiranda015,seguindo_mais_que_3x
2025-09-03 15:33:36,@__alvesss12,menos_de_10_posts
2025-09-03 15:33:56,@leicy_andrea090,menos_de_10_posts
2025-09-03 15:34:17,@ravenams12,menos_de_10_posts
2025-09-03 15:34:37,@isabelly.ferreira1,menos_de_10_posts
2025-09-03 15:34:58,@_kauanywttxs,menos_de_10_posts
2025-09-03 15:35:19,@beatriz_monteiro_9,menos_de_10_posts
2025-09-03 15:35:39,@meli.da439,menos_de_10_posts
2025-09-03 15:36:14,@luuh_bernardino,menos_de_10_posts
2025-09-03 15:36:34,@_lauannegeyzi,menos_de_10_posts
2025-09-03 15:36:55,@jenizinha_321,menos_de_10_posts
2025-09-03 15:37:15,@mmikaellyx,seguindo_mais_que_3x
2025-09-03 15:37:36,@greiciane869,menos_de_10_posts
2025-09-03 15:37:56,@davilamikelly12389,menos_de_10_posts
2025-09-03 15:38:17,@du_chef_lan,menos_de_10_posts
2025-09-03 15:38:37,@estelamarques36,menos_de_10_posts
2025-09-03 15:38:57,@_aliceehh__,menos_de_10_posts
2025-09-03 15:39:18,@malusouza05,seguindo_mais_que_3x
2025-09-03 15:39:38,@vanessasouza8206,seguindo_mais_que_3x
2025-09-03 15:39:59,@fabiane8720,menos_de_10_posts
2025-09-03 15:40:33,@ana_vitoria__8,menos_de_10_posts
2025-09-03 15:40:54,@fifia_rodrigues,seguindo_mais_que_3x
2025-09-03 15:41:57,@vitoriagnk,menos_de_10_posts
2025-09-03 15:42:18,@claraeduarda421,menos_de_10_posts
2025-09-03 15:42:39,@laura_30903,menos_de_10_posts
2025-09-03 15:42:59,@mayaramagdados,erro_geral
2025-09-03 15:43:19,@pedroh1s2c3,menos_de_10_posts
2025-09-03 15:43:40,@eo_marcos_037,menos_de_10_posts
2025-09-03 15:44:00,@kellysanttos_02,menos_de_10_posts
2025-09-03 15:44:21,@bren.o7745,menos_de_10_posts
2025-09-03 15:44:41,@kassio_24,seguindo_mais_que_3x
2025-09-03 15:45:02,@diix__taynazinha,menos_de_10_posts
2025-09-03 15:45:22,@violetaluis3,menos_de_10_posts
2025-09-09 23:17:51,@joice_______________,menos_de_10_posts
2025-09-09 23:18:11,@_aninhaaaa_15,menos_de_10_posts
2025-09-09 23:18:32,@belly.monter,menos_de_10_posts
2025-09-09 23:18:52,@mg.glamouroficial,menos_de_10_posts
2025-09-09 23:19:13,@eaah_gaby,menos_de_10_posts
2025-09-14 17:43:57,@taynara.ferreira.5011516,usuario_nao_encontrado_removido_da_lista
2025-09-14 17:44:11,@sandrinha23silva_reis,usuario_nao_encontrado_removido_da_lista
2025-09-14 17:44:25,@priprobella.4,usuario_nao_encontrado_removido_da_lista
2025-09-14 17:44:40,@marluce.marina.161,usuario_nao_encontrado_removido_da_lista
2025-09-14 17:44:54,@ooooodfontsmadewithfontsgggp,usuario_nao_encontrado_removido_da_lista
2025-09-14 17:45:08,@cristianenascimento110,usuario_nao_encontrado_removido_da_lista
2025-09-14 17:45:23,@ellisreginang,usuario_nao_encontrado_removido_da_lista
2025-09-14 17:45:37,@dudaome,usuario_nao_encontrado_removido_da_lista
2025-09-14 17:45:51,@alves768gmail.comleny,usuario_nao_encontrado_removido_da_lista
2025-09-14 17:46:07,@samuel.8892s,usuario_nao_encontrado_removido_da_lista
2025-09-14 17:46:24,@ananerygomesdecastro62,usuario_nao_encontrado_removido_da_lista
2025-09-14 17:46:38,@lilia._mendes_souza,usuario_nao_encontrado_removido_da_lista
2025-09-14 17:46:53,@alexandreoficial__01,usuario_nao_encontrado_removido_da_lista
2025-09-14 17:47:07,@gracyelle._maciel,usuario_nao_encontrado_removido_da_lista
2025-09-14 17:47:21,@aline.sampaio.568294,usuario_nao_encontrado_removido_da_lista
2025-09-14 17:47:36,@robertaainoan,usuario_nao_encontrado_removido_da_lista
2025-09-14 17:47:51,@angelafreitas.oliveira,usuario_nao_encontrado_removido_da_lista
2025-09-14 17:48:05,@haiza_frr,usuario_nao_encontrado_removido_da_lista
2025-09-14 17:48:20,@jacklinesena12,usuario_nao_encontrado_removido_da_lista
2025-09-14 17:48:35,@iascara07,usuario_nao_encontrado_removido_da_lista
2025-09-14 17:48:50,@nita.franca.98,usuario_nao_encontrado_removido_da_lista
2025-09-14 17:49:05,@eae_keh,usuario_nao_encontrado_removido_da_lista
2025-09-14 17:49:19,@gabi.pulseiras.colares,usuario_nao_encontrado_removido_da_lista
2025-09-14 17:49:33,@elisan.souza.319,usuario_nao_encontrado_removido_da_lista
2025-09-14 17:49:48,@dressasantos16.16,usuario_nao_encontrado_removido_da_lista
2025-09-14 17:50:02,@andressa.cristina121313,usuario_nao_encontrado_removido_da_lista
2025-09-14 17:50:16,@elbaniarodriguesfraga,usuario_nao_encontrado_removido_da_lista
2025-09-14 17:50:30,@vanessa.evandro.39,usuario_nao_encontrado_removido_da_lista
2025-09-14 17:50:59,@oqjwidbd000,usuario_nao_encontrado_removido_da_lista
2025-09-14 17:51:13,@suzana.aparecida67,usuario_nao_encontrado_removido_da_lista
2025-09-14 17:51:27,@pv_do_luander_027,usuario_nao_encontrado_removido_da_lista
2025-09-14 17:51:41,@analuizachristovaoromano,usuario_nao_encontrado_removido_da_lista
2025-09-14 17:51:55,@llimavz,usuario_nao_encontrado_removido_da_lista
2025-09-14 17:52:10,@leticia_santos9002,usuario_nao_encontrado_removido_da_lista
2025-09-14 17:52:24,@carmencecilia.3,usuario_nao_encontrado_removido_da_lista
2025-09-14 17:52:39,@anna_nunes07_,usuario_nao_encontrado_removido_da_lista
2025-09-14 17:52:53,@jujuh._.0211,usuario_nao_encontrado_removido_da_lista
2025-09-14 17:53:07,@carlossantos.alves686,usuario_nao_encontrado_removido_da_lista
2025-09-14 17:53:21,@ggcellofermado64,usuario_nao_encontrado_removido_da_lista
2025-09-14 17:53:35,@aline_porsche_run,usuario_nao_encontrado_removido_da_lista
2025-09-14 17:53:49,@davi_grau_1000pilar,usuario_nao_encontrado_removido_da_lista
2025-09-14 17:54:04,@trezee_xr,usuario_nao_encontrado_removido_da_lista
2025-09-14 17:54:18,@tsw_0004,usuario_nao_encontrado_removido_da_lista
2025-09-14 17:54:32,@sarah_da_silvamartins,usuario_nao_encontrado_removido_da_lista
2025-09-14 17:54:46,@nataliabispodos.santos,usuario_nao_encontrado_removido_da_lista
2025-09-14 17:55:00,@vvih_.silva,usuario_nao_encontrado_removido_da_lista
2025-09-14 17:55:15,@mikaelecardosomandesda,usuario_nao_encontrado_removido_da_lista
2025-09-14 17:55:29,@batist4_0fc,usuario_nao_encontrado_removido_da_lista
2025-09-14 17:55:44,@lemesmodafemininemasculina,usuario_nao_encontrado_removido_da_lista
2025-09-14 17:55:58,@063.laura,usuario_nao_encontrado_removido_da_lista
2025-09-14 17:56:14,@ana_isabely_ofc,usuario_nao_encontrado_removido_da_lista
2025-09-14 17:56:28,@diiix_mimy5,usuario_nao_encontrado_removido_da_lista
2025-09-14 17:56:42,@manu_.martins10,usuario_nao_encontrado_removido_da_lista
2025-09-14 17:56:57,@luzienelu92,usuario_nao_encontrado_removido_da_lista
2025-09-14 17:57:11,@manu.03.06.09,usuario_nao_encontrado_removido_da_lista
2025-09-14 17:57:25,@claudianealvves,usuario_nao_encontrado_removido_da_lista
2025-09-14 17:57:39,@gabrielhenriqueoliveir,usuario_nao_encontrado_removido_da_lista
2025-09-14 17:57:53,@ebreuzika_nao.precisa_seguir,usuario_nao_encontrado_removido_da_lista
2025-09-14 17:58:07,@pamelaalves._,usuario_nao_encontrado_removido_da_lista
2025-09-14 17:58:22,@yuri.4802,usuario_nao_encontrado_removido_da_lista
2025-09-14 17:58:36,@geovana.karoline.370,usuario_nao_encontrado_removido_da_lista
2025-09-14 17:58:51,@sophiavitoriafernandees,usuario_nao_encontrado_removido_da_lista
2025-09-14 17:59:07,@glenda_nicolly,usuario_nao_encontrado_removido_da_lista
2025-09-14 17:59:21,@na.souza_sv,usuario_nao_encontrado_removido_da_lista
2025-09-14 17:59:36,@cleudiane.silva.5688,usuario_nao_encontrado_removido_da_lista
2025-09-14 17:59:50,@_ingridy_013,usuario_nao_encontrado_removido_da_lista
2025-09-14 18:00:04,@userulialitico,usuario_nao_encontrado_removido_da_lista
2025-09-14 18:00:18,@deisyrodrgues,usuario_nao_encontrado_removido_da_lista
2025-09-14 18:00:32,@m.o.r.e.n.a.56,usuario_nao_encontrado_removido_da_lista
2025-09-14 18:00:47,@liss.ss034,usuario_nao_encontrado_removido_da_lista
2025-09-14 18:01:01,@isa.bela.197,usuario_nao_encontrado_removido_da_lista
2025-09-14 18:01:16,@leandrorodriguesdasilva3670,usuario_nao_encontrado_removido_da_lista
2025-09-14 18:01:30,@jeiciele.06,usuario_nao_encontrado_removido_da_lista
2025-09-14 18:01:44,@biaa_65_,usuario_nao_encontrado_removido_da_lista
2025-09-14 18:01:58,@eu_yasmin_protazio,usuario_nao_encontrado_removido_da_lista
2025-09-14 18:02:13,@affspnc,usuario_nao_encontrado_removido_da_lista
2025-09-14 18:02:26,@eu_lara_de_melo_oficial,usuario_nao_encontrado_removido_da_lista
2025-09-14 18:02:41,@dudaxxy4,usuario_nao_encontrado_removido_da_lista
2025-09-14 18:02:56,@amaralxs.01,usuario_nao_encontrado_removido_da_lista
2025-09-14 18:03:10,@luara_santos_de_oliveira_,usuario_nao_encontrado_removido_da_lista
2025-09-14 18:03:24,@mickaelly548,usuario_nao_encontrado_removido_da_lista
2025-09-14 18:03:38,@mariaeduardasoaresde_souza,usuario_nao_encontrado_removido_da_lista
2025-09-14 18:03:53,@anapaulaalvesdacosta95,usuario_nao_encontrado_removido_da_lista
2025-09-14 18:04:07,@emilly_anunciacao_de_souza_,usuario_nao_encontrado_removido_da_lista
2025-09-14 18:04:21,@hevert0n_,usuario_nao_encontrado_removido_da_lista
2025-09-14 18:04:35,@vullgo_71,usuario_nao_encontrado_removido_da_lista
2025-09-14 18:04:49,@jaqueline_jesus_96,usuario_nao_encontrado_removido_da_lista
2025-09-14 18:05:04,@michele_silva21_reserva,usuario_nao_encontrado_removido_da_lista
2025-09-14 18:05:18,@jordania.rodrigues.1656,usuario_nao_encontrado_removido_da_lista
2025-09-14 18:05:32,@eu_nice.2608,usuario_nao_encontrado_removido_da_lista
2025-09-14 18:05:46,@lauanyvitoriadasilvas,usuario_nao_encontrado_removido_da_lista
2025-09-14 18:06:01,@ister_pedra25,usuario_nao_encontrado_removido_da_lista
2025-09-14 18:06:15,@barbara_vitoria_da_silva_,usuario_nao_encontrado_removido_da_lista
2025-09-14 18:06:32,@laedja0412,menos_de_10_posts
2025-09-14 18:06:50,@ana_flavia_bezerra_da_silva,usuario_nao_encontrado_removido_da_lista
2025-09-14 18:07:07,@xx_nataliamaria77,menos_de_10_posts
2025-09-14 18:07:28,@isa_caroline.souza,menos_de_10_posts
2025-09-14 18:07:45,@___andressaoliveira___,usuario_nao_encontrado_removido_da_lista
2025-09-14 18:08:03,@luanasantos7394,seguindo_mais_que_3x
2025-09-14 18:08:20,@maria_eduarda_de_souza_brito,usuario_nao_encontrado_removido_da_lista
